M, N, B, Name, Result, Time, OPT_Rate, Nodes,Timeout
2, 5, 3.000000, BB_DP, 2.000000, 0.000164, 1.000000, 12, 1
2, 5, 3.000000, PDP, 2.000000, 0.000017, 1.000000, 0, 1
2, 5, 3.000000, TABU, 2.000000, 4.021600, 1.000000, 0, 1
2, 5, 3.000000, GA, 2.000000, 10.937800, 1.000000, 0, 1
