M, N, B, Name, Result, Time
3, 5, 7.000000, DPm, 5.000000, 0.297900
3, 5, 7.000000, PDP, 4.000000, 0.241000
